"1";"gyro_xout";"gyro_yout";"gyro_zout";"accel_xout";"accel_yout";"accel_zout"
"14731";"151";"381";"160";"3592";"-1252";"14984"
"14732";"155";"429";"128";"3220";"-1748";"14896"
"14733";"47";"357";"99";"3332";"-1796";"15708"
"14734";"289";"472";"165";"3324";"-848";"14880"
"14735";"149";"390";"155";"3484";"-1724";"15004"
"14736";"120";"364";"157";"3440";"-1576";"15584"
"14737";"394";"375";"127";"3372";"-1532";"14980"
"14738";"170";"415";"138";"3576";"-1548";"15364"
"14739";"140";"395";"168";"3680";"-1148";"14368"
"14740";"238";"362";"144";"3588";"-1392";"14784"
"14741";"74";"488";"85";"3160";"-1180";"15268"
"14742";"239";"354";"159";"3508";"-1452";"15140"
"14743";"149";"489";"95";"3320";"-1844";"14992"
"14744";"217";"400";"146";"3372";"-1508";"16244"
"14745";"589";"371";"122";"3604";"-2692";"13804"
"14746";"213";"339";"197";"3384";"-1524";"15280"
"14747";"156";"390";"105";"3668";"-1280";"16960"
"14748";"114";"412";"158";"3756";"-2220";"13604"
"14749";"141";"402";"117";"3528";"-1476";"15292"
"14750";"175";"446";"114";"3488";"-1592";"15084"
"14751";"100";"393";"207";"3396";"-1336";"15120"
"14752";"103";"426";"133";"3536";"-1596";"15108"
"14753";"428";"464";"143";"3372";"-1808";"15828"
"14754";"164";"429";"146";"3388";"-1608";"15396"
"14755";"93";"377";"156";"3688";"-1432";"16872"
"14756";"175";"436";"100";"3152";"-1680";"15304"
"14757";"190";"387";"181";"3512";"-1324";"15240"
"14758";"165";"432";"105";"3188";"-1400";"14968"
"14759";"186";"389";"157";"3476";"-1456";"14952"
"14760";"196";"434";"179";"3464";"-1792";"15104"
"14761";"150";"371";"135";"3380";"-1292";"15312"
"14762";"160";"379";"145";"3436";"-1392";"15296"
"14763";"137";"388";"114";"3428";"-1536";"15136"
"14764";"146";"410";"141";"3508";"-1436";"15104"
"14765";"171";"399";"135";"3440";"-1528";"15192"
"14766";"170";"409";"177";"3448";"-1472";"15180"
"14767";"163";"403";"112";"3352";"-1456";"15112"
"14768";"141";"402";"139";"3488";"-1456";"15228"
"14769";"154";"416";"131";"3348";"-1472";"15208"
"14770";"177";"423";"118";"3504";"-1460";"15348"
"14771";"179";"432";"140";"3444";"-1436";"15200"
"14772";"163";"396";"141";"3404";"-1488";"15188"
"14773";"142";"422";"146";"3480";"-1472";"15196"
"14774";"198";"371";"162";"3564";"-1360";"15132"
"14775";"140";"380";"132";"3076";"-1464";"15276"
"14776";"178";"388";"97";"3648";"-1504";"14904"
"14777";"130";"374";"135";"3432";"-1480";"15084"
"14778";"171";"406";"115";"3548";"-1432";"15256"
"14779";"167";"410";"134";"3384";"-1428";"15180"
"14780";"177";"385";"138";"3508";"-1500";"15236"
"14781";"144";"407";"125";"3392";"-1548";"15236"
"14782";"162";"409";"134";"3412";"-1500";"15276"
"14783";"157";"433";"167";"3436";"-1516";"15200"
"14784";"164";"427";"143";"3480";"-1500";"15284"
"14785";"147";"387";"139";"3432";"-1488";"15212"
"14786";"170";"401";"118";"3468";"-1532";"15212"
"14787";"138";"388";"161";"3380";"-1380";"14928"
"14788";"167";"377";"115";"3476";"-1472";"15356"
"14789";"180";"424";"93";"3440";"-1500";"15220"
"14790";"157";"420";"129";"3456";"-1524";"15204"
"14791";"95";"422";"140";"3132";"-1816";"15792"
"14792";"126";"409";"104";"3448";"-1532";"15136"
"14793";"193";"429";"146";"3436";"-1480";"15328"
"14794";"153";"399";"119";"3496";"-1472";"15176"
"14795";"156";"395";"152";"3448";"-1508";"15168"
"14796";"122";"450";"142";"3792";"-1396";"15228"
"14797";"181";"342";"148";"3092";"-1556";"15224"
"14798";"113";"457";"91";"3804";"-1320";"15328"
"14799";"148";"552";"129";"3380";"-1468";"15204"
"14800";"245";"570";"150";"2960";"-1764";"15336"
"14801";"77";"312";"82";"3448";"-1784";"14848"
"14802";"-1628";"114";"76";"5632";"784";"17316"
"14803";"-476";"473";"144";"2800";"-3836";"13368"
"14804";"343";"212";"114";"4832";"-2188";"14032"
"14805";"146";"740";"193";"4020";"-1940";"14728"
"14806";"123";"759";"-56";"2756";"-536";"15904"
"14807";"196";"316";"59";"3852";"-1252";"15328"
"14808";"32";"505";"187";"3708";"-1128";"15544"
"14809";"128";"348";"145";"2564";"-1752";"14964"
"14810";"204";"375";"81";"4328";"-1352";"15068"
"14811";"116";"466";"157";"3080";"-1480";"15300"
"14812";"169";"347";"93";"3420";"-1460";"15152"
"14813";"147";"438";"157";"3912";"-1668";"15344"
"14814";"119";"429";"59";"3176";"-1380";"15228"
"14815";"129";"363";"129";"3636";"-1252";"15248"
"14816";"155";"542";"196";"4096";"-1824";"15396"
"14817";"343";"437";"37";"3832";"-2588";"14344"
"14818";"92";"468";"178";"3580";"-552";"15816"
"14819";"135";"366";"99";"2980";"-2752";"14560"
"14820";"-564";"607";"-39";"6400";"-448";"18156"
"14821";"198";"880";"59";"3476";"-1116";"16168"
"14822";"160";"41";"102";"3664";"-1528";"15708"
"14823";"177";"573";"170";"3572";"-1236";"15108"
"14824";"200";"323";"114";"2736";"-1464";"15440"
"14825";"132";"377";"148";"4148";"-1032";"15172"
"14826";"116";"488";"137";"2868";"-1596";"15200"
"14827";"198";"295";"102";"3332";"-1536";"15264"
"14828";"115";"489";"184";"3448";"-1312";"15112"
"14829";"201";"365";"135";"3212";"-1564";"15188"
"14830";"172";"415";"142";"3680";"-1260";"15260"
"14831";"181";"418";"155";"3196";"-1420";"15268"
"14832";"147";"421";"107";"3816";"-1420";"15204"
"14833";"178";"431";"123";"3384";"-1384";"15344"
"14834";"183";"387";"144";"3484";"-1376";"15064"
"14835";"157";"434";"120";"3388";"-1428";"15164"
"14836";"151";"382";"104";"3448";"-1424";"15220"
"14837";"186";"390";"115";"3404";"-1436";"15164"
"14838";"169";"391";"113";"3452";"-1392";"15184"
"14839";"159";"423";"144";"3344";"-1388";"15200"
"14840";"167";"390";"143";"3452";"-1420";"15288"
"14841";"150";"397";"118";"3500";"-1472";"15212"
"14842";"130";"438";"111";"3364";"-1456";"15188"
"14843";"180";"416";"162";"3396";"-1428";"15104"
"14844";"164";"393";"140";"3420";"-1452";"15148"
"14845";"168";"407";"129";"3360";"-1504";"15252"
"14846";"132";"394";"115";"3388";"-1460";"15160"
"14847";"208";"417";"146";"3420";"-1456";"15132"
"14848";"155";"394";"140";"3500";"-1392";"15268"
"14849";"186";"433";"137";"3412";"-1468";"15216"
"14850";"154";"388";"132";"3480";"-1388";"15248"
"14851";"200";"425";"136";"3444";"-1428";"15208"
"14852";"163";"409";"155";"3372";"-1464";"15224"
"14853";"161";"417";"150";"3432";"-1448";"15136"
"14854";"187";"420";"114";"3400";"-1464";"15200"
"14855";"169";"418";"116";"3380";"-1400";"15232"
"14856";"150";"417";"137";"3452";"-1420";"15216"
"14857";"149";"410";"145";"3388";"-1284";"15180"
"14858";"157";"428";"132";"3408";"-1476";"15184"
"14859";"179";"383";"139";"3444";"-1432";"15220"
"14860";"166";"404";"146";"3472";"-1476";"15344"
"14861";"131";"428";"134";"3444";"-1384";"15240"
"14862";"177";"375";"131";"3424";"-1428";"15244"
"14863";"161";"392";"129";"3476";"-1440";"15208"
"14864";"158";"400";"118";"3348";"-1496";"15132"
"14865";"166";"397";"148";"3412";"-1416";"15232"
"14866";"177";"393";"126";"3440";"-1456";"15244"
"14867";"120";"397";"150";"3468";"-1420";"15220"
"14868";"177";"422";"131";"3432";"-1400";"15244"
"14869";"181";"404";"153";"3376";"-1416";"15260"
"14870";"166";"404";"116";"3420";"-1436";"15208"
"14871";"148";"380";"143";"3424";"-1424";"15152"
"14872";"183";"420";"138";"3420";"-1456";"15284"
"14873";"133";"402";"115";"3416";"-1412";"15152"
"14874";"186";"426";"131";"3420";"-1428";"15172"
"14875";"130";"415";"119";"3452";"-1420";"15212"
"14876";"132";"403";"141";"3412";"-1400";"15268"
"14877";"167";"434";"125";"3404";"-1440";"15244"
"14878";"202";"445";"108";"3436";"-1436";"15240"
"14879";"159";"397";"135";"3436";"-1432";"15168"
"14880";"181";"400";"159";"3384";"-1420";"15168"
"14881";"153";"379";"104";"3480";"-1376";"15128"
"14882";"161";"403";"173";"3392";"-1492";"15140"
"14883";"149";"415";"144";"3432";"-1428";"15208"
"14884";"181";"390";"115";"3432";"-1484";"15584"
"14885";"157";"406";"140";"3512";"-1392";"15244"
"14886";"155";"425";"153";"3384";"-1448";"15348"
"14887";"119";"408";"98";"3448";"-1436";"15332"
"14888";"143";"404";"123";"3440";"-1424";"15316"
"14889";"177";"406";"133";"3468";"-1420";"15176"
"14890";"146";"442";"105";"3416";"-1456";"15180"
"14891";"168";"423";"163";"3476";"-1508";"15220"
"14892";"159";"397";"138";"3452";"-1480";"15168"
"14893";"152";"403";"141";"3456";"-1488";"15268"
"14894";"183";"409";"155";"3396";"-1520";"15204"
"14895";"156";"423";"130";"3396";"-1468";"15284"
"14896";"147";"415";"141";"3400";"-1424";"15144"
"14897";"145";"405";"135";"3396";"-1472";"15136"
"14898";"176";"409";"126";"3372";"-1296";"15228"
"14899";"136";"426";"150";"3452";"-1488";"15336"
"14900";"180";"407";"171";"3380";"-1400";"15188"
"14901";"161";"395";"123";"3412";"-1480";"15320"
"14902";"177";"410";"131";"3364";"-1428";"15196"
"14903";"138";"431";"122";"3432";"-1404";"15284"
"14904";"172";"413";"150";"3456";"-1440";"15304"
"14905";"145";"400";"129";"3380";"-1468";"15292"
"14906";"139";"421";"130";"3440";"-1512";"15320"
"14907";"148";"418";"148";"3460";"-1476";"15276"
"14908";"145";"408";"143";"3440";"-1472";"15220"
"14909";"158";"406";"105";"3476";"-1404";"15188"
"14910";"176";"393";"151";"3452";"-1508";"15236"
"14911";"192";"434";"130";"3408";"-1424";"15512"
"14912";"150";"409";"133";"3360";"-1444";"15188"
"14913";"169";"418";"156";"3480";"-1460";"15240"
"14914";"173";"384";"154";"3412";"-1340";"15212"
"14915";"143";"399";"121";"3440";"-1448";"15168"
"14916";"167";"411";"128";"3432";"-1408";"15236"
"14917";"163";"390";"125";"3436";"-1388";"15220"
"14918";"180";"412";"126";"3460";"-1396";"15176"
"14919";"140";"421";"152";"3388";"-1692";"15324"
"14920";"191";"417";"146";"3420";"-1744";"14968"
"14921";"161";"401";"139";"3360";"-1508";"15204"
"14922";"178";"381";"114";"3380";"-1480";"15124"
"14923";"137";"419";"122";"3432";"-1440";"15212"
"14924";"147";"424";"132";"3364";"-1484";"15260"
"14925";"173";"436";"141";"3384";"-1524";"15236"
"14926";"164";"390";"129";"3436";"-1416";"15392"
"14927";"186";"395";"119";"3312";"-1292";"14876"
"14928";"105";"407";"199";"3560";"-1276";"15384"
"14929";"44";"509";"220";"3408";"-1416";"14784"
"14930";"148";"270";"58";"3828";"756";"14844"
"14931";"75";"373";"170";"4064";"-1640";"15024"
"14932";"209";"499";"124";"3148";"-1744";"15088"
"14933";"133";"347";"135";"3792";"-1164";"15348"
"14934";"170";"462";"151";"3516";"-1524";"15244"
"14935";"134";"359";"119";"3248";"-1452";"15356"
"14936";"160";"456";"139";"3336";"-1480";"15408"
"14937";"186";"344";"146";"3380";"-1588";"15124"
"14938";"175";"457";"162";"3484";"-1404";"15340"
"14939";"157";"400";"182";"3304";"-1492";"15252"
"14940";"139";"409";"113";"3328";"-1480";"15288"
"14941";"148";"407";"125";"3344";"-1472";"15324"
"14942";"165";"381";"118";"3428";"-1456";"15256"
"14943";"160";"402";"109";"3368";"-1504";"15160"
"14944";"177";"378";"121";"3504";"-1484";"15104"
"14945";"149";"420";"121";"3428";"-1536";"15212"
"14946";"200";"411";"140";"3436";"-1428";"15276"
"14947";"105";"389";"157";"3344";"-1284";"15168"
"14948";"182";"396";"159";"3460";"-1452";"15208"
"14949";"139";"383";"113";"3464";"-1480";"15272"
"14950";"161";"410";"131";"3476";"-1448";"15280"
"14951";"142";"417";"135";"3380";"-1284";"15180"
"14952";"161";"426";"171";"3396";"-1508";"15196"
"14953";"185";"417";"122";"3396";"-1436";"15120"
"14954";"135";"408";"141";"3432";"-1468";"15196"
"14955";"137";"417";"123";"3452";"-1464";"15296"
"14956";"127";"392";"146";"3432";"-1424";"15176"
"14957";"152";"390";"183";"3444";"-1480";"15320"
"14958";"176";"421";"142";"3468";"-1488";"15196"
"14959";"149";"390";"162";"3448";"-1476";"15228"
"14960";"163";"412";"140";"3360";"-1508";"15160"
"14961";"133";"394";"130";"3444";"-1452";"15224"
"14962";"164";"410";"144";"3388";"-1472";"15144"
"14963";"192";"398";"121";"3080";"-1396";"15356"
"14964";"170";"409";"167";"3776";"-1640";"15600"
"14965";"150";"406";"118";"3440";"-1464";"15292"
"14966";"136";"416";"99";"3468";"-1532";"15240"
"14967";"117";"420";"128";"3424";"-1496";"15120"
"14968";"142";"419";"139";"3524";"-1492";"15172"
"14969";"176";"394";"131";"3416";"-1480";"15348"
"14970";"135";"405";"140";"3448";"-1504";"15192"
"14971";"150";"382";"164";"3432";"-1292";"15344"
"14972";"183";"394";"141";"3464";"-1536";"15256"
"14973";"165";"412";"142";"3352";"-1492";"15160"
"14974";"138";"411";"160";"3452";"-1484";"15212"
"14975";"160";"441";"122";"3432";"-1512";"15232"
"14976";"169";"396";"157";"3436";"-1460";"15260"
"14977";"167";"424";"129";"3396";"-1472";"15160"
"14978";"166";"411";"143";"3384";"-1476";"15200"
"14979";"134";"400";"153";"3392";"-1456";"15348"
"14980";"147";"401";"146";"3464";"-1512";"15320"
"14981";"179";"407";"144";"3448";"-1504";"15196"
"14982";"179";"426";"143";"3456";"-1504";"15220"
"14983";"173";"405";"105";"3456";"-1480";"15228"
"14984";"147";"434";"150";"3408";"-1484";"15244"
"14985";"198";"400";"123";"3380";"-1500";"15240"
"14986";"194";"381";"145";"3464";"-1444";"15200"
"14987";"184";"408";"121";"3436";"-1484";"15112"
"14988";"154";"426";"152";"3400";"-1480";"15216"
"14989";"221";"356";"171";"3532";"-1380";"15588"
"14990";"110";"394";"128";"3436";"-1504";"15192"
"14991";"237";"401";"160";"3444";"-1744";"15124"
"14992";"127";"414";"104";"3440";"-1304";"15000"
"14993";"129";"426";"143";"3456";"-1340";"15484"
"14994";"143";"405";"138";"3408";"-1784";"15088"
"14995";"214";"360";"164";"3392";"-1236";"15488"
"14996";"136";"443";"93";"3472";"-1612";"14892"
"14997";"138";"397";"140";"3576";"-1412";"15240"
"14998";"148";"381";"152";"3416";"-1348";"15612"
"14999";"115";"427";"114";"3460";"-1560";"14980"
"15000";"194";"412";"125";"3100";"-1304";"15176"
"15001";"89";"386";"137";"3356";"-844";"15424"
"15002";"182";"371";"103";"3344";"-1452";"15108"
"15003";"149";"399";"128";"3396";"-1560";"14860"
"15004";"172";"405";"146";"3400";"-1508";"15172"
"15005";"169";"421";"142";"3372";"-1484";"15280"
"15006";"178";"392";"132";"3476";"-1516";"15332"
"15007";"165";"403";"158";"3540";"-1424";"15296"
"15008";"186";"382";"139";"3548";"-1624";"15220"
"15009";"137";"410";"126";"3428";"-1480";"15348"
"15010";"170";"417";"122";"3428";"-1476";"15144"
"15011";"189";"425";"116";"3496";"-1448";"15232"
"15012";"137";"390";"155";"3260";"-1540";"14696"
"15013";"192";"376";"148";"3436";"-1348";"15272"
"15014";"183";"402";"160";"3364";"-1504";"15208"
"15015";"170";"418";"151";"3484";"-1460";"15156"
"15016";"186";"380";"174";"3424";"-1788";"15240"
"15017";"161";"398";"134";"3412";"-1364";"15116"
"15018";"168";"394";"151";"3412";"-1632";"15168"
"15019";"177";"436";"131";"3476";"-1360";"15296"
"15020";"193";"433";"129";"3416";"-1512";"15196"
"15021";"128";"419";"130";"3372";"-1428";"15312"
"15022";"163";"415";"132";"3484";"-1352";"15152"
"15023";"118";"408";"120";"3412";"-1572";"15340"
"15024";"176";"407";"97";"3436";"-1488";"15236"
"15025";"161";"373";"139";"3492";"-1436";"15216"
"15026";"161";"393";"107";"3372";"-1388";"15568"
"15027";"156";"386";"151";"3468";"-1508";"15184"
"15028";"163";"420";"148";"3328";"-1532";"15172"
"15029";"158";"438";"161";"3456";"-1752";"15208"
"15030";"146";"396";"155";"3424";"-1368";"15276"
"15031";"150";"387";"135";"3456";"-1440";"15224"
"15032";"107";"425";"133";"3480";"-1284";"15072"
"15033";"161";"393";"141";"3372";"-1328";"15328"
"15034";"146";"379";"126";"3520";"-1444";"15260"
"15035";"160";"418";"142";"3328";"-1384";"15232"
"15036";"168";"406";"145";"3472";"-1412";"15304"
"15037";"171";"390";"113";"3348";"-1472";"15268"
"15038";"184";"395";"103";"3412";"-1468";"15256"
"15039";"167";"392";"116";"3372";"-1464";"15148"
"15040";"156";"390";"117";"3444";"-1332";"15244"
"15041";"182";"403";"157";"3404";"-1492";"15276"
"15042";"167";"410";"124";"3432";"-1472";"15188"
"15043";"164";"409";"146";"3372";"-1532";"15248"
"15044";"165";"380";"127";"3364";"-1464";"15272"
"15045";"144";"410";"157";"3492";"-1288";"15244"
"15046";"147";"421";"119";"3464";"-1508";"15252"
"15047";"145";"419";"118";"3400";"-1512";"15276"
"15048";"167";"377";"136";"3116";"-1600";"16092"
"15049";"123";"434";"142";"3420";"-1320";"15296"
"15050";"181";"355";"150";"3432";"-1548";"15052"
"15051";"177";"407";"187";"3536";"-1428";"15148"
"15052";"165";"374";"115";"3440";"-1524";"15252"
"15053";"165";"468";"150";"3452";"-1632";"15180"
"15054";"123";"352";"111";"3200";"-1692";"15292"
"15055";"169";"399";"154";"3524";"-1420";"15408"
"15056";"138";"406";"113";"3528";"-1500";"15084"
"15057";"221";"398";"127";"3396";"-1488";"15192"
"15058";"113";"384";"121";"3440";"-1520";"15252"
"15059";"167";"423";"135";"3416";"-1504";"15192"
"15060";"161";"417";"140";"3500";"-1508";"15268"
"15061";"178";"414";"139";"3448";"-1440";"15168"
"15062";"161";"387";"151";"3428";"-1504";"15204"
"15063";"170";"419";"132";"3432";"-1484";"15208"
"15064";"153";"416";"107";"3472";"-1528";"15220"
"15065";"158";"405";"128";"3412";"-1472";"15288"
"15066";"152";"403";"125";"3472";"-1456";"15280"
"15067";"152";"383";"138";"3428";"-1460";"15212"
"15068";"168";"391";"120";"3472";"-1528";"15316"
"15069";"179";"372";"146";"3376";"-1488";"15240"
"15070";"152";"408";"136";"3484";"-1480";"15132"
"15071";"156";"405";"125";"3428";"-1480";"15272"
"15072";"171";"408";"118";"3476";"-1760";"15212"
"15073";"155";"410";"133";"3404";"-1448";"15180"
"15074";"153";"411";"132";"3424";"-1484";"15220"
"15075";"144";"423";"103";"3480";"-1328";"15216"
"15076";"162";"432";"122";"3404";"-1300";"15232"
"15077";"171";"418";"128";"3460";"-1524";"15232"
"15078";"163";"379";"138";"3420";"-1384";"15192"
"15079";"166";"407";"126";"3428";"-1468";"15352"
"15080";"158";"386";"134";"3448";"-1476";"15212"
"15081";"132";"425";"124";"3464";"-1492";"15160"
"15082";"155";"370";"144";"3428";"-1472";"15236"
"15083";"147";"433";"125";"3444";"-1484";"15324"
"15084";"167";"393";"135";"3392";"-1524";"15160"
"15085";"135";"417";"145";"3488";"-1472";"15284"
"15086";"168";"408";"134";"3400";"-1472";"15152"
"15087";"145";"387";"131";"3448";"-1496";"15232"
"15088";"148";"414";"131";"3436";"-1464";"15260"
"15089";"212";"566";"66";"3776";"-1472";"15004"
"15090";"186";"330";"166";"3012";"-1496";"15248"
"15091";"148";"353";"120";"3424";"-1704";"15204"
"15092";"190";"763";"162";"3172";"-1456";"14976"
"15093";"214";"406";"135";"3580";"-1416";"15184"
"15094";"510";"418";"157";"2928";"-1028";"15572"
"15095";"-22";"408";"130";"3668";"-1060";"15288"
"15096";"178";"327";"147";"3168";"-1900";"268"
"15097";"-184";"252";"170";"4312";"-1912";"14032"
"15098";"58";"455";"101";"3488";"-1960";"14868"
"15099";"108";"316";"99";"3940";"-2000";"14972"
"15100";"374";"471";"158";"3472";"-856";"15788"
"15101";"858";"758";"94";"2560";"-3140";"13860"
"15102";"0";"264";"258";"4716";"-788";"15272"
"15103";"-158";"486";"18";"3312";"-984";"15868"
"15104";"-7";"233";"185";"3236";"-1140";"15860"
"15105";"92";"436";"80";"3276";"-1452";"15284"
"15106";"151";"355";"152";"3564";"-1472";"15072"
"15107";"139";"460";"151";"3532";"-1508";"15136"
"15108";"192";"370";"112";"3448";"-1408";"15240"
"15109";"174";"420";"152";"3452";"-1388";"15200"
"15110";"179";"399";"118";"3352";"-1444";"15208"
"15111";"162";"415";"151";"3452";"-1496";"15200"
"15112";"152";"407";"138";"3448";"-1428";"15164"
"15113";"165";"388";"139";"3456";"-1436";"15260"
"15114";"147";"414";"160";"3260";"-1792";"15188"
"15115";"152";"415";"145";"3432";"-1464";"15232"
"15116";"123";"419";"112";"3332";"-1288";"15180"
"15117";"185";"407";"150";"3432";"-1344";"15304"
"15118";"112";"386";"122";"3532";"-1396";"14868"
"15119";"189";"417";"117";"3400";"-1624";"14896"
"15120";"191";"402";"147";"3448";"-1384";"15544"
"15121";"160";"408";"138";"3392";"-1480";"15176"
"15122";"171";"406";"133";"3420";"-1432";"15308"
"15123";"184";"407";"165";"3376";"-1448";"15220"
"15124";"150";"404";"140";"3436";"-1476";"15136"
"15125";"179";"435";"168";"3408";"-1464";"15108"
"15126";"125";"390";"105";"3408";"-1456";"15272"
"15127";"141";"428";"162";"3388";"-1436";"15212"
"15128";"171";"434";"116";"3404";"-1500";"15212"
"15129";"171";"410";"132";"3400";"-1432";"15260"
"15130";"173";"401";"153";"3400";"-1456";"15128"
"15131";"178";"405";"129";"3428";"-1440";"15256"
"15132";"158";"398";"120";"3412";"-1408";"15268"
"15133";"166";"407";"147";"3436";"-1448";"15200"
"15134";"169";"439";"138";"3444";"-1448";"15184"
"15135";"171";"395";"133";"3468";"-1448";"15208"
"15136";"174";"397";"139";"3428";"-1448";"15184"
"15137";"177";"425";"140";"3400";"-1440";"15240"
"15138";"160";"409";"165";"3396";"-1472";"15208"
"15139";"178";"411";"153";"3456";"-1452";"15220"
"15140";"174";"389";"141";"3412";"-1448";"15216"
"15141";"151";"425";"124";"3396";"-1412";"15192"
"15142";"164";"410";"131";"3428";"-1404";"15200"
"15143";"151";"421";"147";"3384";"-1480";"15264"
"15144";"151";"407";"155";"3476";"-1452";"15184"
"15145";"162";"417";"105";"3368";"-1484";"15172"
"15146";"169";"424";"157";"3356";"-1440";"15228"
"15147";"140";"390";"118";"3360";"-1508";"14856"
"15148";"159";"396";"154";"3464";"-1452";"15272"
"15149";"171";"431";"122";"3444";"-1480";"15144"
"15150";"164";"431";"161";"3456";"-1428";"15292"
"15151";"151";"414";"122";"3416";"-1408";"15280"
"15152";"163";"429";"135";"3420";"-1460";"15196"
"15153";"148";"389";"116";"3388";"-1448";"15276"
"15154";"138";"429";"146";"3412";"-1444";"15272"
"15155";"138";"386";"141";"3372";"-1444";"15204"
"15156";"171";"406";"134";"3356";"-1424";"15280"
"15157";"188";"404";"131";"3400";"-1392";"15200"
"15158";"147";"402";"126";"3424";"-1416";"15184"
"15159";"132";"409";"122";"3376";"-1456";"15224"
"15160";"174";"392";"152";"3452";"-1416";"15228"
"15161";"137";"422";"142";"3496";"-1436";"15176"
"15162";"173";"392";"129";"3460";"-1448";"15348"
"15163";"143";"429";"122";"3444";"-1472";"15160"
"15164";"188";"426";"101";"3476";"-1420";"15252"
"15165";"173";"390";"137";"3472";"-1468";"15200"
"15166";"179";"403";"115";"3428";"-1456";"15200"
"15167";"149";"408";"148";"3444";"-1468";"15204"
"15168";"155";"424";"129";"3428";"-1436";"15212"
"15169";"153";"409";"141";"3424";"-1440";"15184"
"15170";"180";"423";"151";"3420";"-1440";"15200"
"15171";"163";"375";"121";"3404";"-1488";"15156"
"15172";"170";"392";"151";"3412";"-1416";"15100"
"15173";"170";"409";"111";"3380";"-1488";"15208"
"15174";"199";"386";"139";"3436";"-1472";"15136"
"15175";"182";"405";"148";"3428";"-1456";"15264"
"15176";"153";"397";"147";"3440";"-1520";"15244"
"15177";"148";"426";"170";"3360";"-1492";"15312"
"15178";"155";"404";"124";"3372";"-1472";"15120"
"15179";"140";"414";"165";"3392";"-1484";"15180"
"15180";"175";"407";"107";"3476";"-1456";"15240"
"15181";"189";"399";"142";"3428";"-1452";"15216"
"15182";"158";"416";"140";"3440";"-1468";"15304"
"15183";"171";"430";"116";"3412";"-1444";"15196"
"15184";"184";"404";"108";"3428";"-1456";"15224"
"15185";"161";"404";"158";"3372";"-1444";"15236"
"15186";"172";"417";"121";"3416";"-1476";"15160"
"15187";"153";"411";"147";"3440";"-1460";"15112"
"15188";"186";"430";"139";"3428";"-1400";"15260"
"15189";"182";"420";"137";"3496";"-1508";"15244"
"15190";"183";"422";"137";"3424";"-1516";"15212"
"15191";"214";"414";"139";"3416";"-1468";"15208"
"15192";"130";"382";"164";"3408";"-1496";"15184"
"15193";"174";"367";"128";"3424";"-1500";"15288"
"15194";"197";"367";"127";"3412";"-1440";"15240"
"15195";"174";"418";"131";"3448";"-1488";"15204"
"15196";"173";"394";"121";"3488";"-1420";"15312"
"15197";"174";"386";"138";"3372";"-1436";"15156"
"15198";"136";"394";"156";"3428";"-1348";"15208"
"15199";"134";"419";"136";"3448";"-1492";"15312"
"15200";"183";"416";"139";"3516";"-1460";"15244"
"15201";"145";"404";"151";"3452";"-1444";"15244"
"15202";"145";"435";"161";"3428";"-1424";"15232"
"15203";"148";"419";"121";"3432";"-1436";"15172"
"15204";"189";"408";"133";"3436";"-1488";"15272"
"15205";"178";"389";"163";"3412";"-1436";"15192"
"15206";"143";"385";"109";"3424";"-1452";"15188"
"15207";"170";"386";"135";"3404";"-1508";"15280"
"15208";"138";"410";"114";"3120";"-1440";"15196"
"15209";"113";"400";"122";"3384";"-1404";"15260"
"15210";"158";"411";"130";"3440";"-1432";"15180"
"15211";"143";"374";"141";"3472";"-1440";"15188"
"15212";"145";"393";"155";"3404";"-1448";"15128"
"15213";"187";"413";"134";"3472";"-1500";"15184"
"15214";"146";"410";"174";"3360";"-1432";"15316"
"15215";"175";"416";"126";"3352";"-1496";"15192"
"15216";"161";"403";"184";"3404";"-1540";"15192"
"15217";"144";"429";"129";"3444";"-1492";"15268"
"15218";"145";"416";"124";"3464";"-1432";"15148"
"15219";"181";"431";"145";"3500";"-1464";"15224"
"15220";"188";"391";"131";"3372";"-1416";"15164"
"15221";"163";"410";"144";"3388";"-1468";"15196"
"15222";"183";"426";"129";"3416";"-1464";"15176"
"15223";"166";"450";"143";"3452";"-1476";"15172"
"15224";"158";"401";"141";"3400";"-1440";"15216"
"15225";"136";"378";"125";"3432";"-1400";"15236"
"15226";"140";"384";"142";"3460";"-1508";"15176"
"15227";"214";"400";"122";"3480";"-1376";"15304"
"15228";"186";"412";"135";"3420";"-1432";"15276"
"15229";"160";"419";"122";"3388";"-1448";"15192"
"15230";"160";"385";"144";"3364";"-1472";"15296"
"15231";"157";"411";"125";"3428";"-1508";"15228"
"15232";"154";"386";"133";"3380";"-1468";"15152"
"15233";"165";"397";"164";"3440";"-1464";"15216"
"15234";"148";"365";"130";"3428";"-1500";"15236"
"15235";"153";"410";"151";"3528";"-1492";"15236"
"15236";"171";"408";"149";"3348";"-1424";"15252"
"15237";"170";"403";"147";"3388";"-1420";"15248"
"15238";"206";"418";"145";"3364";"-1492";"15292"
"15239";"175";"401";"163";"3472";"-1476";"15192"
"15240";"186";"401";"139";"3440";"-1412";"15288"
"15241";"148";"420";"137";"3392";"-1428";"15200"
"15242";"152";"390";"123";"3440";"-1420";"15288"
"15243";"177";"452";"139";"3376";"-1432";"15172"
"15244";"171";"375";"152";"3440";"-1448";"15232"
"15245";"176";"399";"124";"3344";"-1392";"15268"
"15246";"153";"424";"128";"3432";"-1484";"15160"
"15247";"149";"387";"138";"3472";"-1464";"15240"
"15248";"186";"409";"130";"3404";"-1448";"15304"
"15249";"170";"407";"123";"3460";"-1468";"15148"
"15250";"139";"436";"153";"3412";"-1460";"15276"
"15251";"157";"393";"139";"3396";"-1424";"15184"
"15252";"164";"451";"153";"3484";"-1492";"15152"
"15253";"179";"412";"136";"3480";"-1504";"15260"
"15254";"159";"422";"139";"3432";"-1460";"15188"
"15255";"142";"419";"119";"3376";"-1504";"15240"
"15256";"170";"431";"142";"3428";"-1484";"15120"
"15257";"156";"420";"126";"3412";"-1524";"15180"
"15258";"208";"444";"121";"3472";"-1504";"15248"
"15259";"197";"383";"143";"3440";"-1472";"15236"
"15260";"162";"396";"150";"3396";"-1504";"15240"
"15261";"165";"409";"136";"3452";"-1440";"15300"
"15262";"157";"424";"138";"3408";"-1456";"15300"
"15263";"153";"384";"132";"3428";"-1484";"15244"
"15264";"186";"440";"174";"3400";"-1472";"15220"
"15265";"150";"443";"133";"3436";"-1420";"15140"
"15266";"138";"371";"133";"3456";"-1508";"15260"
"15267";"132";"430";"133";"3412";"-1460";"15240"
"15268";"187";"385";"139";"3448";"-1460";"15172"
"15269";"157";"420";"119";"3428";"-1500";"15240"
"15270";"133";"411";"128";"3400";"-1468";"15184"
"15271";"164";"420";"125";"3388";"-1436";"15248"
"15272";"161";"416";"163";"3436";"-1496";"15236"
"15273";"171";"383";"165";"3452";"-1756";"15216"
"15274";"153";"395";"124";"3380";"-1484";"15168"
"15275";"166";"398";"153";"3464";"-1464";"15224"
"15276";"179";"412";"136";"3384";"-1564";"15256"
"15277";"181";"397";"139";"3396";"-1468";"15252"
"15278";"151";"402";"153";"3456";"-1500";"15140"
"15279";"171";"383";"134";"3448";"-1416";"15204"
"15280";"145";"397";"124";"3460";"-1476";"15316"
"15281";"168";"390";"158";"3396";"-1468";"15272"
"15282";"138";"374";"120";"3448";"-1452";"15216"
"15283";"160";"407";"137";"3436";"-1456";"15228"
"15284";"128";"391";"147";"3492";"-1520";"15308"
"15285";"155";"407";"145";"3408";"-1464";"15312"
"15286";"152";"384";"137";"3448";"-1440";"15316"
"15287";"168";"419";"144";"3444";"-1456";"15236"
"15288";"133";"415";"118";"3408";"-1428";"15184"
"15289";"173";"404";"135";"3404";"-1480";"15236"
"15290";"152";"400";"124";"3412";"-1448";"15340"
"15291";"137";"411";"123";"3428";"-1464";"15260"
"15292";"160";"400";"113";"3424";"-1468";"15344"
"15293";"152";"436";"140";"3368";"-1472";"15340"
"15294";"136";"384";"141";"3432";"-1452";"15208"
"15295";"166";"384";"136";"3428";"-1448";"15204"
"15296";"148";"389";"171";"3408";"-1452";"15216"
"15297";"169";"414";"122";"3388";"-1388";"15228"
"15298";"163";"377";"153";"3436";"-1472";"15140"
"15299";"173";"426";"138";"3412";"-1472";"15240"
"15300";"153";"396";"114";"3476";"-1388";"15188"
"15301";"114";"415";"111";"3420";"-1496";"15204"
"15302";"158";"401";"142";"3444";"-1472";"15244"
"15303";"168";"403";"108";"3472";"-1524";"15320"
"15304";"158";"382";"140";"3388";"-1476";"15320"
"15305";"158";"404";"149";"3444";"-1476";"15220"
"15306";"189";"413";"145";"3480";"-1412";"15072"
"15307";"155";"399";"135";"3452";"-1444";"15272"
"15308";"147";"428";"147";"3412";"-1376";"15260"
"15309";"144";"394";"119";"3452";"-1452";"15308"
"15310";"160";"371";"129";"3388";"-1436";"15108"
"15311";"174";"406";"159";"3492";"-1376";"15212"
"15312";"145";"415";"138";"3380";"-1524";"15152"
"15313";"156";"407";"145";"3400";"-1452";"15220"
"15314";"148";"394";"124";"3360";"-1432";"15236"
"15315";"156";"398";"105";"3436";"-1396";"15296"
"15316";"168";"377";"117";"3404";"-1756";"15204"
"15317";"140";"399";"123";"3436";"-1464";"15256"
"15318";"199";"377";"123";"3456";"-1424";"15260"
"15319";"143";"410";"118";"3420";"-1416";"15236"
"15320";"148";"395";"142";"3428";"-1460";"15184"
"15321";"154";"392";"149";"3352";"-1524";"15220"
"15322";"172";"408";"131";"3416";"-1484";"15176"
"15323";"202";"417";"138";"3352";"-1460";"15256"
"15324";"153";"421";"125";"3468";"-1496";"15272"
"15325";"167";"390";"151";"3392";"-1404";"15264"
"15326";"170";"409";"152";"3416";"-1468";"15224"
"15327";"172";"401";"129";"3352";"-1456";"15144"
"15328";"146";"404";"134";"3432";"-1460";"15172"
"15329";"152";"426";"166";"3436";"-1420";"15180"
"15330";"167";"279";"109";"2940";"-1288";"15404"
"15331";"181";"356";"58";"3312";"-1192";"15524"
"15332";"41";"321";"-60";"3476";"-1592";"15400"
"15333";"118";"321";"-11";"3624";"-1464";"15200"
"15334";"208";"399";"82";"3132";"-1784";"15136"
"15335";"224";"301";"-373";"2848";"-1332";"15064"
"15336";"348";"129";"-576";"2064";"-680";"14600"
"15337";"387";"498";"-352";"4148";"368";"15052"
"15338";"110";"69";"5";"3124";"-1228";"15684"
"15339";"81";"615";"0";"3224";"-1212";"15112"
"15340";"211";"330";"199";"3172";"-1732";"14792"
"15341";"211";"329";"91";"3988";"-1028";"15268"
"15342";"88";"488";"148";"3612";"-1380";"15252"
"15343";"158";"347";"137";"3348";"-1616";"15096"
"15344";"203";"409";"127";"4056";"-1212";"15072"
"15345";"110";"496";"134";"3480";"-1380";"15204"
"15346";"160";"358";"150";"3348";"-1400";"15180"
"15347";"175";"449";"131";"3800";"-1388";"15104"
"15348";"163";"425";"119";"3440";"-1420";"15136"
"15349";"155";"373";"113";"3764";"-1356";"15168"
"15350";"166";"415";"126";"3700";"-1440";"15244"
"15351";"179";"387";"131";"3580";"-1372";"15116"
"15352";"152";"433";"146";"3664";"-1384";"15180"
"15353";"168";"396";"134";"3828";"-1356";"15204"
"15354";"165";"414";"135";"3716";"-1320";"14892"
"15355";"138";"371";"106";"3648";"-1376";"15212"
"15356";"144";"414";"159";"3748";"-1360";"15216"
"15357";"144";"439";"127";"3820";"-1344";"15188"
"15358";"145";"391";"132";"3724";"-1384";"15172"
"15359";"163";"392";"146";"3668";"-1396";"15120"
"15360";"179";"399";"109";"3672";"-1376";"15312"
"15361";"130";"405";"106";"3660";"-1396";"15252"
"15362";"179";"401";"133";"3728";"-1348";"15160"
"15363";"177";"382";"133";"3680";"-1312";"15160"
"15364";"167";"395";"134";"3652";"-1376";"15264"
"15365";"169";"415";"143";"3656";"-1380";"15248"
"15366";"166";"388";"111";"3620";"-1384";"15292"
"15367";"147";"417";"134";"3708";"-1412";"15256"
"15368";"160";"419";"177";"3680";"-1360";"15196"
"15369";"187";"400";"147";"3668";"-1376";"15228"
"15370";"152";"421";"112";"3692";"-1380";"15196"
"15371";"126";"411";"146";"3612";"-1436";"15204"
"15372";"158";"419";"144";"3712";"-1380";"15240"
"15373";"151";"425";"126";"3664";"-1380";"15152"
"15374";"158";"398";"135";"3640";"-1388";"15112"
"15375";"192";"420";"154";"3632";"-1392";"15148"
"15376";"151";"418";"162";"3712";"-1392";"15172"
"15377";"137";"455";"137";"3684";"-1404";"15208"
"15378";"182";"416";"132";"3368";"-1368";"15180"
"15379";"168";"433";"115";"3688";"-1336";"15196"
"15380";"153";"413";"143";"3600";"-1432";"15140"
"15381";"161";"417";"103";"3652";"-1384";"15300"
"15382";"169";"420";"111";"3664";"-1364";"15188"
"15383";"163";"394";"126";"3684";"-1388";"15196"
"15384";"170";"403";"133";"3676";"-1392";"15356"
"15385";"182";"414";"115";"3636";"-1364";"15196"
"15386";"152";"392";"122";"3756";"-1372";"15188"
"15387";"197";"414";"179";"3708";"-1344";"15264"
"15388";"161";"426";"175";"3652";"-1388";"15208"
"15389";"191";"410";"124";"3588";"-1312";"15188"
"15390";"159";"404";"116";"3648";"-1348";"15156"
"15391";"171";"376";"117";"3792";"-1440";"15232"
"15392";"168";"414";"111";"3736";"-1396";"14884"
"15393";"109";"347";"124";"3992";"-1640";"15072"
"15394";"86";"378";"117";"3956";"-1612";"14892"
"15395";"129";"381";"157";"3632";"-1508";"15100"
"15396";"218";"411";"161";"3356";"-1308";"14904"
"15397";"158";"362";"172";"3620";"-1536";"15348"
"15398";"166";"441";"102";"3372";"-1488";"15304"
"15399";"146";"346";"140";"4076";"-1636";"15004"
"15400";"206";"421";"169";"3480";"-1508";"15032"
"15401";"182";"397";"117";"3808";"-1120";"15304"
"15402";"113";"385";"139";"3664";"-1264";"15568"
"15403";"154";"422";"116";"3608";"-1520";"15168"
"15404";"217";"412";"146";"3540";"-1212";"15600"
"15405";"164";"438";"117";"3540";"-1512";"15284"
"15406";"107";"385";"143";"3572";"-1468";"15096"
"15407";"164";"409";"128";"3648";"-1416";"14852"
"15408";"174";"382";"151";"3640";"-1296";"15348"
"15409";"110";"406";"95";"3632";"-1424";"15228"
"15410";"137";"402";"112";"3728";"-1520";"15032"
"15411";"182";"425";"118";"3704";"-1428";"15248"
"15412";"191";"387";"115";"3356";"-1296";"15276"
"15413";"144";"398";"86";"3588";"-1260";"15172"
"15414";"130";"441";"135";"3528";"-1300";"15092"
"15415";"199";"354";"143";"4092";"-1412";"15104"
"15416";"196";"495";"134";"3636";"-1364";"15196"
"15417";"197";"364";"127";"3208";"-1272";"15136"
"15418";"168";"405";"131";"3528";"-812";"15544"
"15419";"101";"434";"120";"3452";"-1376";"15156"
"15420";"172";"388";"118";"3936";"-1480";"15132"
"15421";"155";"443";"129";"3784";"-1464";"15184"
"15422";"133";"342";"114";"3692";"-1504";"14976"
"15423";"91";"352";"133";"3796";"-1504";"15184"
"15424";"152";"405";"136";"3656";"-1384";"15352"
"15425";"174";"399";"113";"3600";"-1168";"15304"
"15426";"166";"423";"120";"3780";"-1280";"15244"
"15427";"153";"406";"119";"3524";"-1288";"15004"
"15428";"170";"361";"127";"4068";"-1272";"15208"
"15429";"130";"424";"116";"3708";"-1372";"15144"
"15430";"124";"420";"135";"3612";"-1412";"15212"
"15431";"180";"414";"156";"3668";"-1336";"15236"
"15432";"159";"413";"123";"3648";"-1284";"15348"
"15433";"83";"374";"136";"3740";"-1492";"15112"
"15434";"151";"428";"139";"3684";"-1580";"15132"
"15435";"209";"389";"117";"3508";"-1064";"15608"
"15436";"82";"402";"171";"3620";"-1448";"15340"
"15437";"206";"454";"136";"3732";"-1388";"15072"
"15438";"210";"454";"161";"3456";"-1252";"15252"
"15439";"107";"377";"132";"3736";"-1404";"15120"
"15440";"146";"434";"115";"3764";"-1468";"15176"
"15441";"173";"384";"142";"3612";"-1472";"15112"
"15442";"142";"408";"121";"3736";"-1344";"15248"
"15443";"130";"377";"124";"3612";"-1060";"15244"
"15444";"155";"410";"118";"3692";"-1392";"15120"
"15445";"163";"384";"125";"3832";"-1328";"15228"
"15446";"154";"418";"130";"3652";"-1524";"15192"
"15447";"156";"427";"135";"3628";"-1396";"15224"
"15448";"167";"404";"120";"3656";"-1356";"15232"
"15449";"178";"426";"112";"3660";"-1388";"15188"
"15450";"172";"383";"133";"3604";"-1380";"15192"
"15451";"172";"433";"110";"3684";"-1324";"15128"
"15452";"139";"417";"127";"3632";"-1412";"15184"
"15453";"157";"387";"129";"3836";"-1340";"15200"
"15454";"172";"407";"96";"3628";"-1364";"15216"
"15455";"163";"417";"142";"3648";"-1352";"15216"
"15456";"149";"408";"132";"3644";"-1336";"15264"
"15457";"144";"385";"105";"3644";"-1384";"15244"
"15458";"154";"400";"142";"3724";"-1428";"15256"
"15459";"176";"439";"126";"3672";"-1360";"15240"
"15460";"168";"430";"133";"3700";"-1376";"15152"
"15461";"128";"430";"149";"3836";"-1372";"15160"
"15462";"146";"389";"139";"3704";"-1416";"15116"
"15463";"133";"386";"126";"3596";"-1456";"15132"
"15464";"170";"436";"181";"3688";"-1336";"15160"
"15465";"180";"409";"146";"3824";"-1396";"15192"
"15466";"168";"375";"123";"3664";"-1380";"15276"
"15467";"122";"420";"162";"3732";"-1420";"15248"
"15468";"177";"375";"108";"3640";"-1420";"15160"
"15469";"165";"375";"108";"3728";"-1356";"15324"
"15470";"154";"394";"119";"3832";"-1340";"15144"
"15471";"153";"392";"103";"3640";"-1412";"15268"
"15472";"165";"422";"132";"3636";"-1396";"15172"
"15473";"147";"385";"112";"3696";"-1360";"15124"
"15474";"124";"427";"179";"3660";"-1384";"15168"
"15475";"125";"446";"141";"3620";"-1360";"15212"
"15476";"160";"398";"173";"3676";"-1416";"15308"
"15477";"140";"432";"124";"3656";"-1340";"15176"
"15478";"164";"393";"107";"3704";"-1340";"15244"
"15479";"148";"412";"137";"3664";"-1384";"15324"
"15480";"165";"379";"130";"3624";"-1328";"15196"
"15481";"186";"419";"144";"3612";"-1384";"15188"
"15482";"147";"427";"137";"3692";"-1396";"15140"
"15483";"170";"421";"137";"3624";"-1376";"15152"
"15484";"172";"408";"146";"3640";"-1372";"15196"
"15485";"136";"386";"155";"3588";"-1372";"15212"
"15486";"165";"422";"127";"3604";"-1392";"15240"
"15487";"181";"407";"109";"3640";"-1336";"15208"
"15488";"187";"387";"115";"3708";"-1384";"14928"
"15489";"166";"395";"147";"3692";"-1392";"15152"
"15490";"165";"445";"105";"3640";"-1336";"15304"
"15491";"163";"428";"124";"3676";"-1388";"15072"
"15492";"158";"412";"129";"3700";"-1360";"15112"
"15493";"169";"426";"140";"3632";"-1408";"15188"
"15494";"164";"390";"143";"3652";"-1400";"15216"
"15495";"180";"444";"144";"3668";"-1416";"15200"
"15496";"148";"376";"137";"3680";"-1372";"15172"
"15497";"157";"400";"98";"3672";"-1400";"15212"
"15498";"183";"426";"134";"3704";"-1404";"15188"
"15499";"198";"387";"130";"3636";"-1400";"15156"
"15500";"199";"365";"110";"3688";"-1340";"15304"
"15501";"122";"402";"127";"3648";"-1360";"14888"
"15502";"194";"423";"154";"3684";"-1412";"15148"
"15503";"160";"376";"130";"3636";"-1400";"15116"
"15504";"185";"393";"113";"3652";"-1412";"15232"
"15505";"160";"398";"150";"3648";"-1404";"15188"
"15506";"159";"413";"137";"3596";"-1396";"15152"
"15507";"160";"403";"119";"3636";"-1392";"15144"
"15508";"174";"388";"137";"3636";"-1400";"15156"
"15509";"150";"419";"115";"3628";"-1368";"15128"
"15510";"182";"404";"115";"3612";"-1392";"15196"
"15511";"157";"403";"161";"3692";"-1404";"15260"
"15512";"162";"397";"124";"3600";"-1400";"15144"
"15513";"145";"385";"109";"3640";"-1364";"15104"
"15514";"186";"418";"134";"3636";"-1376";"15284"
"15515";"164";"397";"182";"3660";"-1380";"15212"
"15516";"158";"391";"142";"3688";"-1364";"15128"
"15517";"196";"411";"122";"3636";"-1344";"15196"
"15518";"174";"411";"156";"3688";"-1372";"15164"
"15519";"146";"408";"134";"3596";"-1484";"15196"
"15520";"174";"394";"147";"3716";"-1420";"15172"
"15521";"140";"427";"164";"3644";"-1372";"15220"
"15522";"158";"446";"152";"3696";"-1392";"15160"
"15523";"170";"429";"156";"3656";"-1392";"15152"
"15524";"176";"392";"144";"3668";"-1364";"15088"
"15525";"162";"426";"115";"3632";"-1348";"15296"
"15526";"164";"405";"122";"3628";"-1388";"15180"
"15527";"168";"386";"126";"3660";"-1372";"15196"
"15528";"167";"388";"133";"3640";"-1432";"15164"
"15529";"180";"403";"142";"3656";"-1416";"15224"
"15530";"148";"386";"130";"3640";"-1396";"15112"
"15531";"140";"419";"132";"3652";"-1368";"15180"
"15532";"160";"437";"154";"3600";"-1412";"15172"
"15533";"173";"417";"126";"3644";"-1412";"15184"
"15534";"149";"400";"149";"3664";"-1400";"15164"
"15535";"159";"413";"118";"3644";"-1480";"15156"
"15536";"164";"389";"123";"3636";"-1304";"15096"
"15537";"155";"395";"127";"3692";"-1368";"15240"
"15538";"173";"457";"139";"3652";"-1348";"15244"
"15539";"163";"441";"129";"3656";"-1380";"15216"
"15540";"160";"405";"147";"3676";"-1428";"15192"
"15541";"156";"420";"142";"3648";"-1460";"15128"
"15542";"163";"420";"134";"3656";"-1400";"15276"
"15543";"165";"421";"111";"3592";"-1368";"15252"
"15544";"168";"404";"116";"3640";"-1368";"15188"
"15545";"156";"399";"147";"3732";"-1420";"15216"
"15546";"147";"398";"113";"3652";"-1384";"15244"
"15547";"149";"437";"100";"3660";"-1412";"15192"
"15548";"174";"418";"156";"3620";"-1380";"14872"
"15549";"184";"386";"150";"3664";"-1384";"14896"
"15550";"168";"400";"143";"3660";"-1396";"15072"
"15551";"153";"430";"122";"3656";"-1348";"15120"
"15552";"116";"394";"144";"3612";"-1360";"14908"
"15553";"149";"401";"110";"3672";"-1420";"15212"
"15554";"182";"400";"148";"3828";"-1388";"15172"
"15555";"141";"432";"110";"3720";"-1344";"14852"
"15556";"161";"413";"123";"3648";"-1396";"15172"
"15557";"163";"376";"167";"3648";"-1412";"15196"
"15558";"190";"411";"137";"3684";"-1392";"15328"
"15559";"156";"410";"133";"3664";"-1428";"15268"
"15560";"144";"384";"137";"3612";"-1384";"15188"
"15561";"151";"417";"163";"3648";"-1344";"15328"
"15562";"159";"396";"131";"3756";"-1388";"15232"
"15563";"169";"404";"108";"3664";"-1336";"15148"
"15564";"171";"383";"141";"3616";"-1332";"15260"
"15565";"152";"393";"152";"3652";"-1476";"15192"
"15566";"177";"361";"140";"3748";"-1520";"15128"
"15567";"144";"407";"110";"3688";"-1356";"15132"
"15568";"158";"370";"123";"3648";"-1424";"15208"
"15569";"176";"398";"130";"3624";"-1392";"15228"
"15570";"153";"407";"164";"3780";"-1352";"15128"
"15571";"176";"412";"123";"3688";"-1356";"15172"
"15572";"161";"440";"160";"3716";"-1356";"15180"
"15573";"221";"744";"273";"8400";"-4216";"7636"
"15574";"1037";"2715";"271";"36";"1008";"19288"
"15575";"-173";"752";"111";"2044";"-2132";"11848"
"15576";"266";"725";"493";"1856";"-1988";"15020"
"15577";"61";"540";"126";"2604";"-956";"15996"
"15578";"48";"-26";"115";"2008";"-1844";"15188"
"15579";"293";"12";"9";"2064";"-892";"15468"
"15580";"233";"20";"162";"3544";"-924";"15444"
"15581";"45";"521";"167";"4372";"-1312";"15172"
"15582";"-98";"1260";"402";"4116";"-1448";"15032"
"15583";"30";"2195";"5";"3896";"-1892";"14996"
"15584";"2";"2956";"359";"3032";"-1192";"15152"
"15585";"-51";"3218";"435";"1452";"-1376";"15108"
"15586";"-453";"3098";"564";"-164";"-2444";"12128"
"15587";"318";"2492";"533";"-1536";"-1552";"18104"
"15588";"129";"1755";"572";"-2396";"-716";"16032"
"15589";"-61";"1091";"80";"-2536";"-2432";"15304"
"15590";"284";"1271";"148";"-1160";"-944";"15884"
"15591";"17";"785";"205";"-1704";"-1764";"15384"
"15592";"172";"952";"136";"-1364";"-1568";"15784"
"15593";"178";"681";"80";"-1848";"-1736";"15392"
"15594";"75";"515";"113";"-1432";"-1748";"15240"
"15595";"115";"602";"167";"-944";"-1436";"15060"
"15596";"-26";"955";"388";"-1208";"-1916";"15140"
"15597";"116";"723";"85";"-2064";"-1816";"15352"
"15598";"248";"701";"14";"-2624";"-4268";"12628"
"15599";"226";"9";"35";"-1788";"-1872";"15108"
"15600";"334";"22";"202";"-2016";"-1460";"15676"
"15601";"59";"326";"98";"-568";"-1432";"15812"
"15602";"152";"449";"79";"-1656";"-1312";"15168"
"15603";"164";"353";"104";"-1520";"-1744";"14988"
"15604";"201";"350";"116";"-1444";"-1336";"15160"
"15605";"192";"391";"114";"-1480";"-1520";"15768"
"15606";"61";"482";"215";"-1508";"-1640";"15280"
"15607";"131";"450";"69";"-1432";"-1544";"15512"
"15608";"198";"104";"334";"-1700";"-1708";"15732"
"15609";"160";"-72";"157";"-1740";"-1728";"15628"
"15610";"323";"-72";"78";"-1484";"-1568";"14624"
"15611";"23";"91";"51";"-1172";"-2084";"14644"
"15612";"199";"-28";"163";"-916";"-1392";"16000"
"15613";"281";"277";"146";"-1252";"-1156";"16848"
"15614";"351";"323";"7";"-568";"-1388";"12916"
"15615";"382";"220";"161";"-912";"-2384";"13328"
"15616";"666";"391";"132";"328";"-560";"16760"
"15617";"-121";"465";"126";"-1120";"-3832";"16240"
"15618";"248";"538";"161";"-1100";"-1876";"14504"
"15619";"464";"561";"63";"-1480";"-1448";"14384"
"15620";"-176";"-130";"216";"-824";"-6148";"15576"
"15621";"29";"-70";"-14";"-856";"-1884";"15480"
"15622";"274";"-22";"42";"-212";"-1332";"14692"
"15623";"324";"485";"237";"-24";"-1348";"12044"
"15624";"75";"416";"96";"-108";"-3560";"13144"
"15625";"227";"427";"120";"-1044";"72";"17344"
"15626";"-308";"442";"213";"-560";"-1616";"15968"
"15627";"-188";"388";"27";"140";"468";"21744"
"15628";"299";"25";"34";"-436";"2472";"11944"
"15629";"-250";"40";"52";"1244";"3484";"13912"
"15630";"586";"879";"206";"1124";"-4980";"15368"
"15631";"113";"-16";"85";"-3248";"-2072";"8468"
"15632";"64";"290";"-29";"-608";"6956";"14576"
"15633";"-1708";"354";"-38";"216";"7840";"22316"
"15634";"1013";"110";"262";"-88";"9632";"11128"
"15635";"432";"303";"176";"-876";"-972";"18664"
"15636";"1009";"22";"101";"1624";"3040";"8356"
"15637";"331";"903";"19";"312";"-5820";"20180"
"15638";"227";"379";"151";"-1820";"464";"14876"
"15639";"48";"135";"-61";"-336";"-7656";"18932"
"15640";"577";"130";"159";"-176";"-3648";"20844"
"15641";"260";"609";"154";"-4172";"4764";"12448"
"15642";"-445";"1203";"-92";"4092";"672";"13748"
"15643";"854";"627";"-151";"1064";"-14060";"9052"
"15644";"1055";"-479";"420";"2716";"-7716";"18752"
"15645";"154";"435";"1095";"4788";"-7268";"28748"
"15646";"-717";"-695";"1518";"6948";"-3348";"23248"
"15647";"-72";"140";"1078";"-12532";"760";"24108"
"15648";"-608";"-803";"1714";"1616";"10336";"24336"
"15649";"501";"-575";"2622";"100";"-8228";"5548"
"15650";"-217";"195";"3078";"2708";"-6716";"22015"
"15651";"500";"-145";"3777";"-1696";"-3612";"24560"
"15652";"456";"402";"3620";"5348";"18388";"13588"
"15653";"1255";"1736";"3192";"-2908";"376";"4992"
"15654";"-686";"758";"3094";"3484";"764";"21232"
"15655";"-2997";"1010";"2264";"-1396";"-1040";"13668"
"15656";"-224";"642";"1012";"-3688";"-5776";"18016"
"15657";"-792";"436";"-208";"-6312";"8236";"15580"
"15658";"1345";"1021";"-288";"1248";"-7764";"12376"
"15659";"-931";"1403";"186";"-4864";"-1020";"-920"
"15660";"963";"1201";"-1236";"-1124";"-2508";"15000"
"15661";"1501";"92";"-2212";"-912";"-9792";"4484"
"15662";"1217";"115";"-2024";"1992";"-3228";"20048"
"15663";"34";"-106";"-1730";"812";"-11352";"25304"
"15664";"1585";"-288";"-756";"4104";"-3944";"25292"
"15665";"130";"1531";"804";"3756";"2992";"24572"
"15666";"-450";"1667";"1006";"3176";"12528";"31992"
"15667";"-1193";"1060";"565";"2624";"1916";"29183"
"15668";"-1180";"1803";"54";"452";"1528";"29016"
"15669";"2225";"1913";"-1479";"-5212";"-4016";"20240"
"15670";"-844";"2259";"-2184";"-1244";"22904";"27304"
"15671";"-884";"1594";"-2328";"-4812";"1964";"15888"
"15672";"-1179";"1511";"-2154";"-2292";"3512";"13016"
"15673";"-1400";"1293";"-2596";"5384";"-15124";"6404"
"15674";"1903";"987";"-3216";"-876";"-12968";"16404"
"15675";"-1269";"1387";"-2823";"1572";"6408";"10344"
"15676";"85";"708";"-2790";"7984";"-4116";"22264"
"15677";"-2183";"150";"-2334";"4968";"-4732";"22892"
"15678";"1312";"1069";"-2407";"2752";"-10668";"11656"
"15679";"1437";"201";"-2458";"908";"2836";"8020"
"15680";"712";"1134";"-2328";"1048";"-4652";"2420"
"15681";"3719";"2789";"-3176";"-5308";"-1572";"30128"
"15682";"598";"843";"-3846";"-1760";"2116";"32767"
"15683";"222";"510";"-3765";"-812";"-2940";"18328"
"15684";"16";"148";"-2896";"-512";"-5832";"14992"
"15685";"668";"905";"-3307";"4028";"6144";"8048"
"15686";"312";"1444";"-3667";"356";"-6704";"22544"
"15687";"-1629";"4";"-3518";"3440";"2404";"1108"
"15688";"1180";"1994";"-2762";"5020";"-11444";"4456"
"15689";"2442";"1553";"-3057";"-260";"-5380";"-536"
"15690";"2597";"1157";"-3901";"-160";"-8388";"20052"
"15691";"2342";"1564";"-3341";"-9712";"9680";"32688"
"15692";"1523";"1488";"-3403";"2760";"15056";"29204"
"15693";"580";"2038";"-2883";"-11796";"1564";"5424"
"15694";"691";"421";"-3374";"1388";"-8580";"25948"
"15695";"2012";"242";"-4587";"-5808";"-13280";"26860"
"15696";"1205";"146";"-3702";"7872";"13256";"18484"
"15697";"-1032";"-930";"-3026";"-1664";"2180";"6852"
"15698";"484";"-170";"-2913";"-1800";"-3812";"17360"
"15699";"1016";"-1042";"-2663";"-4156";"6004";"10760"
"15700";"2441";"-544";"-2247";"-3516";"-484";"13072"
"15701";"2173";"-161";"-1225";"1040";"-364";"27396"
"15702";"128";"899";"-1550";"-2540";"15456";"15636"
"15703";"-1488";"-898";"-1426";"-7652";"-1700";"11024"
"15704";"619";"-1046";"-1424";"1548";"2660";"21400"
"15705";"200";"461";"-261";"2372";"6796";"26756"
"15706";"509";"201";"-266";"-10760";"3748";"24744"
"15707";"194";"161";"-531";"6580";"13128";"2812"
"15708";"-551";"-353";"-582";"-1140";"940";"26508"
"15709";"266";"667";"-311";"-1404";"7732";"22064"
"15710";"621";"42";"-191";"1508";"-3884";"19248"
"15711";"-263";"-51";"-569";"1132";"5872";"23288"
"15712";"2278";"190";"-512";"-1196";"8504";"19000"
"15713";"-1179";"-742";"-595";"840";"8180";"20048"
"15714";"-258";"-151";"-497";"-1408";"3732";"20728"
"15715";"1301";"-1156";"-117";"-7760";"5104";"22832"
"15716";"66";"-492";"-59";"-3616";"-4476";"13224"
"15717";"-743";"-523";"63";"-5604";"3068";"14788"
"15718";"399";"-56";"360";"-5888";"-1264";"20560"
"15719";"19";"376";"703";"-3496";"-6452";"8772"
"15720";"720";"413";"349";"-1288";"-6528";"1360"
"15721";"-805";"737";"537";"-4520";"5048";"20716"
"15722";"-1503";"544";"317";"3360";"2664";"8008"
"15723";"-1406";"928";"416";"344";"52";"19032"
"15724";"499";"436";"483";"-4148";"10168";"11992"
"15725";"1541";"1445";"16";"4148";"-6004";"22236"
"15726";"2730";"1957";"-21";"1288";"72";"27028"
"15727";"4181";"2106";"-111";"7660";"2276";"25280"
"15728";"-1691";"624";"245";"4292";"4348";"22664"
"15729";"1633";"-244";"152";"-10060";"-948";"13376"
"15730";"920";"164";"-161";"-3536";"-10860";"10648"
"15731";"402";"172";"584";"2016";"608";"27096"
"15732";"-1583";"-285";"361";"-4616";"10632";"32767"
"15733";"-1774";"262";"280";"-9760";"-3608";"19308"
"15734";"-2801";"38";"349";"-10612";"-440";"17056"
"15735";"1045";"1196";"-214";"-3276";"4648";"29664"
"15736";"-518";"-746";"23";"-1432";"-6832";"27700"
"15737";"-628";"703";"377";"-3060";"4396";"18400"
"15738";"757";"588";"466";"-2180";"2660";"20516"
"15739";"795";"1346";"-22";"-3360";"9856";"25684"
"15740";"1365";"1008";"47";"-3228";"11276";"28504"
"15741";"760";"819";"-19";"-6308";"3608";"21008"
"15742";"-609";"538";"242";"6260";"-8128";"11972"
"15743";"247";"369";"-33";"4248";"-10304";"19496"
"15744";"-515";"113";"-390";"2220";"-2524";"5876"
"15745";"-1925";"701";"-300";"-3632";"-568";"17308"
"15746";"1893";"-173";"-260";"5636";"-11996";"23588"
"15747";"1154";"560";"-401";"6472";"996";"9960"
"15748";"2470";"637";"-78";"7928";"1560";"16612"
"15749";"1875";"92";"-71";"4600";"-1396";"4924"
"15750";"-514";"998";"103";"-3224";"-4104";"15112"
"15751";"-1195";"376";"105";"-2952";"-5100";"7652"
"15752";"382";"241";"152";"1720";"-8324";"21728"
"15753";"2534";"293";"61";"-2964";"3536";"18896"
"15754";"745";"448";"143";"3616";"-2224";"16236"
"15755";"-124";"579";"161";"1900";"3556";"15816"
"15756";"-29";"171";"163";"-4264";"1480";"14444"
"15757";"-1967";"16";"90";"-1060";"-16";"26664"
"15758";"-117";"532";"231";"-3876";"348";"9596"
"15759";"-746";"601";"348";"-3156";"-3468";"8008"
"15760";"-1431";"-236";"283";"6296";"-1644";"20900"
"15761";"-3089";"8";"549";"-576";"56";"20860"
"15762";"-1458";"49";"534";"-680";"-12796";"14052"
"15763";"-935";"749";"147";"-5160";"-9724";"11324"
"15764";"-330";"131";"269";"-2764";"-3104";"18512"
"15765";"-1096";"-138";"505";"180";"-2664";"3120"
"15766";"33";"825";"140";"-6200";"-9168";"18336"
"15767";"-169";"372";"69";"480";"1152";"24076"
"15768";"1106";"453";"-442";"-3120";"-4532";"16152"
"15769";"-1100";"1";"183";"5436";"4696";"17596"
"15770";"898";"112";"189";"-4088";"8240";"21372"
"15771";"274";"364";"497";"-1980";"-11608";"15344"
"15772";"799";"270";"106";"-2732";"4936";"19656"
"15773";"995";"544";"-82";"272";"-3828";"18316"
"15774";"-1464";"356";"173";"5136";"-10548";"20048"
"15775";"1449";"687";"227";"-3948";"-15456";"11848"
"15776";"323";"-240";"20";"1396";"6368";"14984"
"15777";"-749";"726";"-30";"-3292";"-9520";"10216"
"15778";"131";"177";"237";"-9572";"-4304";"12240"
"15779";"2898";"720";"-336";"3984";"3856";"5984"
"15780";"806";"507";"-86";"-1520";"-6768";"13224"
"15781";"1215";"429";"119";"128";"1952";"22332"
"15782";"-305";"-236";"99";"2620";"-6096";"12932"
"15783";"895";"716";"449";"1840";"-16360";"13216"
"15784";"1581";"-426";"7";"-152";"-4004";"12784"
"15785";"-2290";"95";"602";"-1420";"5408";"12960"
"15786";"607";"286";"767";"-2376";"-4956";"16276"
"15787";"-1262";"994";"532";"1176";"-2232";"6656"
"15788";"-717";"796";"459";"-2708";"-4404";"12236"
"15789";"1301";"322";"478";"1440";"-9692";"17628"
"15790";"282";"204";"-77";"-1112";"-7968";"13696"
"15791";"1875";"1015";"-340";"-2252";"-1596";"14664"
"15792";"-4324";"1063";"-32";"-1916";"7320";"18240"
"15793";"-1896";"336";"233";"-9152";"-4840";"-17008"
"15794";"-3447";"988";"228";"-4592";"3616";"4164"
"15795";"-6622";"-929";"1635";"-976";"3260";"20280"
"15796";"-2688";"-261";"1079";"-200";"-8268";"9072"
"15797";"83";"1466";"138";"-4020";"-14204";"10696"
"15798";"2978";"854";"50";"-2116";"-5708";"19480"
"15799";"-1192";"711";"-489";"-2604";"9500";"25912"
"15800";"-372";"867";"-319";"-1364";"2812";"16648"
"15801";"-934";"470";"-537";"-48";"-3376";"10044"
"15802";"-678";"-100";"-463";"-632";"4732";"10512"
"15803";"67";"466";"-788";"-3336";"-5396";"6868"
"15804";"-1881";"-190";"-520";"420";"-4804";"19016"
"15805";"-1318";"-724";"34";"-964";"-16880";"11776"
"15806";"386";"310";"-311";"-1464";"3528";"13484"
"15807";"-506";"126";"-70";"804";"436";"13244"
"15808";"188";"-1206";"557";"-140";"4244";"14168"
"15809";"801";"-665";"868";"1500";"-10000";"18532"
"15810";"-32";"118";"1013";"1684";"-820";"15284"
"15811";"463";"470";"681";"-860";"4336";"14088"
"15812";"-269";"894";"273";"792";"-2356";"17260"
"15813";"2290";"698";"555";"500";"680";"23232"
"15814";"-470";"710";"1205";"-1348";"-2196";"13376"
"15815";"-379";"591";"987";"-1444";"1504";"14344"
"15816";"158";"849";"245";"-1848";"-5352";"7052"
"15817";"642";"312";"130";"-1732";"-136";"3908"
"15818";"339";"82";"388";"4740";"-2744";"14652"
"15819";"-626";"442";"217";"-8";"-5276";"19604"
"15820";"74";"462";"469";"340";"-4188";"16876"
"15821";"-803";"-201";"402";"1908";"-8680";"13908"
"15822";"-495";"283";"742";"68";"1908";"22552"
"15823";"-265";"546";"455";"-1832";"1956";"22832"
"15824";"-425";"148";"83";"1404";"-6736";"16640"
"15825";"-532";"490";"-105";"2656";"-7744";"14840"
"15826";"593";"352";"232";"1172";"-1008";"11280"
"15827";"-194";"307";"479";"-1384";"-2348";"16716"
"15828";"1002";"50";"439";"100";"-4464";"13136"
"15829";"-196";"507";"765";"-180";"-588";"10824"
"15830";"-185";"345";"414";"-60";"-5172";"18068"
"15831";"-308";"316";"94";"-196";"228";"15828"
"15832";"441";"378";"131";"-852";"-16";"19320"
"15833";"1199";"609";"167";"-3464";"-4868";"9772"
"15834";"325";"934";"363";"-1684";"-11776";"10516"
"15835";"779";"885";"719";"-1424";"-7276";"12324"
"15836";"162";"525";"514";"-1404";"-512";"15860"
"15837";"-85";"343";"476";"712";"-2096";"15868"
"15838";"-117";"711";"319";"-780";"3864";"15416"
"15839";"-15";"1150";"-31";"-2064";"-13304";"12136"
"15840";"189";"1686";"87";"-1280";"596";"2804"
"15841";"699";"1520";"8";"-1668";"-15004";"12236"
"15842";"967";"928";"189";"-6020";"-13008";"2844"
"15843";"1348";"634";"149";"-5248";"-2192";"17480"
"15844";"-287";"743";"83";"-348";"-3652";"21184"
"15845";"337";"342";"211";"-1020";"-10952";"9840"
"15846";"698";"754";"243";"-2152";"-1712";"7264"
"15847";"-80";"429";"164";"-916";"-1188";"19636"
"15848";"716";"728";"38";"-1300";"364";"17016"
"15849";"731";"430";"-41";"-5032";"-7992";"7036"
"15850";"840";"366";"129";"-2052";"2772";"18400"
"15851";"339";"-195";"178";"-1920";"4416";"24736"
"15852";"756";"208";"24";"-368";"-908";"11252"
"15853";"-383";"-154";"189";"5760";"-3348";"13100"
"15854";"4";"-234";"-104";"-680";"2836";"19784"
"15855";"-14";"28";"201";"-644";"5532";"9708"
"15856";"-28";"414";"25";"484";"-3084";"15740"
"15857";"644";"10";"162";"188";"988";"10300"
"15858";"92";"551";"227";"596";"-2852";"18524"
"15859";"72";"475";"44";"-1052";"-244";"18148"
"15860";"90";"550";"162";"-3948";"5224";"9344"
"15861";"-382";"649";"142";"1984";"-3776";"24488"
"15862";"1681";"375";"0";"-4104";"-4564";"18280"
"15863";"877";"612";"210";"3136";"-912";"14332"
"15864";"-49";"781";"-246";"-3532";"11868";"14196"
"15865";"574";"637";"170";"-3352";"-1072";"28948"
"15866";"0";"591";"448";"-1976";"-5108";"19108"
"15867";"243";"380";"205";"-1672";"-144";"21092"
"15868";"-180";"694";"158";"-2340";"-7616";"16232"
"15869";"666";"-100";"255";"-3244";"-700";"16668"
"15870";"52";"503";"-69";"-6400";"560";"22952"
"15871";"154";"346";"-50";"-3844";"14416";"27956"
"15872";"-24";"636";"-139";"-8256";"-464";"26796"
"15873";"771";"497";"-494";"-9432";"15272";"20800"
"15874";"-188";"23";"52";"1628";"4332";"12908"
"15875";"-535";"475";"-156";"-5248";"2812";"4920"
"15876";"-395";"18";"-144";"-6216";"-7568";"16088"
"15877";"1037";"-627";"-278";"6312";"-6436";"30572"
"15878";"1472";"27";"-231";"5080";"20548";"24972"
"15879";"-573";"243";"170";"-788";"-10088";"12824"
"15880";"1203";"1399";"-209";"-4832";"11680";"1980"
"15881";"-230";"800";"-278";"2188";"7252";"1868"
"15882";"269";"687";"224";"2968";"-3384";"11800"
"15883";"-87";"629";"243";"2076";"10824";"22432"
"15884";"-141";"1257";"-643";"-3584";"-1280";"2504"
"15885";"-274";"742";"-32";"2404";"15644";"16364"
"15886";"-522";"1350";"-402";"-10112";"2296";"7244"
"15887";"809";"1123";"-971";"-80";"4864";"27600"
"15888";"9";"-356";"-822";"-24";"5892";"9272"
"15889";"2104";"461";"-351";"8596";"6640";"14912"
"15890";"3875";"195";"-335";"-2164";"3388";"32712"
"15891";"1486";"-281";"457";"-948";"-2148";"9076"
"15892";"-1808";"544";"-25";"7240";"2500";"16224"
"15893";"-1047";"-313";"-348";"-1972";"6768";"26632"
"15894";"869";"229";"341";"6824";"4576";"24748"
"15895";"837";"-279";"348";"-2640";"9876";"18192"
"15896";"872";"474";"512";"5280";"14532";"11908"
"15897";"367";"-39";"513";"-616";"13512";"18240"
"15898";"1183";"119";"531";"-5548";"-6148";"12780"
"15899";"2230";"1022";"942";"4932";"11924";"30572"
